location,beds,price,baths,location_sector,parking,laundry,furnished
East,7,4550,2,Central,No,unit,No
East,1,450,1,Central,No,building,No
North,1,400,2,Northeast,No,building,No
East,5,2000,2,Northeast,No,unit,No
Null,1,600,1,Northwest,No,unit,No
North,1,805,1,Northeast,Yes,building,Yes
East,5,2125,2,Central,No,unit,No
North,6,2580,3,Central,No,unit,No
East,4,1720,2,Central,No,unit,No
East,3,1600,1,Central,No,building,No
East,4,1750,1,Northeast,No,unit,No
Null,5,2650,1,Central,No,building,No
East,5,2650,2,Central,No,building,No
East,2,900,1,Southeast,No,None,No
East,2,900,1,Central,No,None,No
East,2,900,1,Southeast,No,None,No
East,2,900,1,Southeast,No,None,No
East,2,900,1,Southeast,No,None,No
Null,4,1800,2,Southeast,No,building,No
Null,4,1800,2,Southeast,No,building,No
East,2,900,1,Southeast,No,unit,No
East,4,1800,2,Central,No,None,No
Null,1,450,2,Northeast,Yes,None,Yes
East,1,450,2,Northeast,Yes,building,Yes
West,3,1425,1,Northwest,No,unit,No
West,3,1425,1,Northwest,No,unit,No
West,3,1425,1,Northwest,No,unit,No
West,3,1425,1,Northwest,No,unit,No
West,1,761,1,Northwest,No,building,No
North,3,1482,1,Northeast,No,unit,No
North,3,1482,1,Northeast,No,unit,No
West,7,3465,3,Northwest,No,unit,No
Null,1,525,1,Southeast,No,building,No
West,1,650,2,Northwest,Yes,building,Yes
East,1,2000,1,Central,No,None,No
Null,4,2000,1,Southeast,No,unit,No
North,1,500,1,Central,No,building,No
North,1,525,1,Northwest,Yes,building,Yes
Null,5,2650,2,Southeast,No,None,No
Null,5,2650,2,Southeast,No,None,No
East,1,550,1,Central,Yes,None,Yes
Null,1,600,0,Southwest,Yes,unit,Yes
North,1,550,1,Northeast,No,None,No
West,1,560,1,Southwest,No,None,No
East,1,585,3,Central,No,unit,No
West,5,2975,1,Northeast,No,building,No
East,8,4600,3,Central,No,building,No
Null,1,585,1,Southwest,No,None,No
West,1,594,1,Southwest,Yes,unit,Yes
East,1,595,1,Northeast,No,None,No
Null,1,650,1,Southeast,No,building,No
Null,1,650,1,Southeast,No,building,No
North,6,3576,2,Northeast,No,unit,No
West,1,600,2,Northwest,No,unit,No
West,1,600,1,Northwest,No,building,No
West,1,600,1,Northwest,No,building,No
Null,1,600,1,Northwest,No,unit,No
Null,1,605,1,Southwest,No,building,No
Null,1,610,1,Southwest,No,None,No
East,1,610,1,Central,No,None,No
East,1,610,1,Central,No,None,No
East,1,610,1,Central,No,None,No
Null,1,613,1,Northwest,Yes,building,Yes
East,2,615,1,Southeast,No,None,No
East,1,635,1,Southeast,Yes,building,Yes
East,1,620,1,Central,No,building,No
Null,1,620,1,Grandview,No,building,No
Null,1,620,1,Central,Yes,building,Yes
North,1,625,1,Northeast,No,None,No
West,4,2500,1,Northwest,No,unit,No
Null,4,2500,1,Northeast,No,unit,No
East,1,625,1,Northeast,No,building,No
East,1,625,1,Northeast,No,building,No
East,1,625,1,Northeast,No,building,No
East,1,625,1,Northeast,No,building,No
East,1,625,1,Central,No,building,No
Null,1,625,1,Central,No,building,No
Null,1,625,1,Central,No,building,No
Null,1,625,1,Southeast,No,building,No
Null,1,625,1,Southeast,No,building,No
Null,1,725,1,Southwest,Yes,None,Yes
Null,1,695,1,Southeast,No,None,No
Null,1,695,1,Southeast,No,None,No
Null,1,695,1,Southeast,No,None,No
Null,1,695,1,Southeast,No,None,No
Null,1,695,1,Southeast,No,None,No
Null,1,695,1,Southeast,No,None,No
Null,1,695,1,Southeast,No,None,No
Null,1,695,1,Southeast,No,None,No
Null,1,695,1,Southeast,No,None,No
West,1,630,1,Northwest,No,building,No
Null,1,630,1,Northeast,No,building,No
East,1,775,1,Central,Yes,building,Yes
East,1,640,1,Northeast,No,building,No
East,1,640,1,Northeast,No,building,No
East,1,640,1,Central,No,building,No
West,1,640,1,Northwest,Yes,building,Yes
East,1,640,1,Central,Yes,None,Yes
West,1,645,1,Grandview,No,building,No
Null,1,650,1,None,No,building,No
West,1,650,1,Southwest,No,building,No
East,1,650,1,Central,Yes,unit,Yes
West,4,2600,1,Northwest,No,unit,No
West,4,2600,1,Northwest,No,unit,No
Null,1,650,1,Grandview,No,building,No
West,1,650,1,Victorian,No,None,No
Null,1,695,1,Southwest,No,building,No
Null,1,695,1,Southeast,No,building,No
Null,1,695,1,Southeast,No,building,No
West,1,695,1,Southwest,No,unit,No
West,1,695,1,Southwest,No,unit,No
West,1,695,1,Southwest,No,None,No
West,1,675,1,Southwest,No,building,No
West,1,695,1,Southwest,No,None,No
Null,1,695,1,Southeast,No,None,No
Null,1,695,1,Southeast,No,building,No
Null,1,695,1,Southeast,No,None,No
Null,1,695,1,Southeast,No,building,No
East,1,655,1,Northeast,No,None,No
East,4,2620,1,Northeast,No,unit,No
East,1,655,1,Northeast,No,None,No
East,1,775,1,Central,Yes,building,Yes
West,1,660,1,Northwest,No,None,No
Null,1,660,1,Northeast,No,building,No
East,1,665,1,Central,Yes,None,Yes
West,1,670,1,Northwest,No,None,No
West,1,670,1,Northwest,No,None,No
West,1,670,1,Southwest,No,building,No
West,1,670,1,Southwest,No,building,No
West,1,670,1,Southwest,No,building,No
West,1,670,1,Southwest,No,building,No
West,1,670,1,Victorian,No,building,No
West,1,670,1,Southwest,No,building,No
West,1,670,1,Southwest,No,building,No
East,1,675,1,Northeast,No,unit,No
Null,4,2700,1,Northeast,No,unit,No
Null,0,675,1,None,No,building,No
Null,1,695,1,Southeast,No,None,No
Null,1,680,1,Southeast,Yes,None,Yes
Null,1,680,1,Grandview,No,building,No
West,1,680,1,Southwest,Yes,None,Yes
West,1,680,1,Southwest,Yes,building,Yes
West,1,685,1,Southwest,No,building,No
East,1,685,1,Central,No,None,No
East,1,685,1,Central,No,None,No
Null,0,700,1,University,No,building,No
East,1,690,1,Northeast,No,unit,No
Null,0,705,1,University,No,building,No
East,1,695,1,Central,Yes,None,Yes
East,1,695,1,Northeast,No,building,No
East,1,695,1,Northeast,No,building,No
East,1,695,1,Northeast,No,building,No
North,1,695,1,Northwest,Yes,building,Yes
West,1,695,1,Southwest,No,building,No
West,1,695,1,Southwest,No,building,No
West,1,695,1,Southwest,No,building,No
West,1,695,1,Southwest,No,building,No
West,1,695,1,Southwest,No,building,No
West,1,695,1,Southwest,No,building,No
West,1,695,1,Southwest,No,building,No
West,1,695,1,Southwest,No,building,No
West,1,695,1,Southwest,No,building,No
North,1,695,1,Northwest,No,None,No
North,1,695,1,Northwest,No,None,No
West,1,695,1,Southwest,No,building,No
Null,1,720,1,Southeast,No,building,No
West,1,720,1,Southwest,No,building,No
Null,1,699,1,University,No,building,No
Null,1,854,1,Northwest,No,building,No
West,1,699,1,None,No,building,No
East,1,700,1,Central,Yes,building,Yes
East,1,700,1,Central,Yes,building,Yes
East,2,1100,1,Northeast,No,None,No
Null,2,1200,1,Northwest,No,unit,No
Null,1,700,1,None,Yes,building,Yes
Null,1,887,1,Southwest,Yes,building,Yes
Null,1,700,1,Northwest,Yes,None,Yes
Null,1,700,1,None,Yes,unit,Yes
East,1,700,1,Central,Yes,None,Yes
Null,1,725,1,Southwest,Yes,building,Yes
East,1,700,1,Central,No,None,No
East,1,705,1,Central,No,None,No
East,1,705,1,Central,No,None,No
East,1,705,1,Central,No,None,No
East,1,705,1,Southeast,No,None,No
East,1,705,1,Central,No,None,No
East,1,710,1,Northeast,No,building,No
West,3,2205,3,Southwest,Yes,unit,Yes
East,1,710,1,Central,Yes,None,Yes
North,1,720,1,Northwest,No,None,No
Null,1,720,1,None,No,building,No
North,1,720,1,Northeast,Yes,building,Yes
East,1,720,1,Central,Yes,None,Yes
East,1,720,1,Central,Yes,None,Yes
North,1,720,1,Central,Yes,building,Yes
East,1,725,1,Central,No,building,No
Null,1,725,1,Northeast,No,None,No
West,1,725,1,Southwest,No,building,No
East,1,725,1,Northeast,No,building,No
Null,1,725,1,Northeast,No,None,No
North,1,725,1,Northwest,No,building,No
Null,1,725,1,Southwest,No,building,No
East,1,725,1,Northeast,No,building,No
East,1,725,1,Central,No,building,No
East,1,725,1,Northeast,No,building,No
East,1,725,1,Northeast,No,building,No
East,1,725,1,Northeast,No,building,No
East,1,725,1,Northeast,No,building,No
East,1,725,1,Central,No,building,No
East,1,725,1,Northeast,No,building,No
East,1,725,1,Northeast,No,building,No
East,1,725,1,Northeast,No,building,No
East,2,725,1,Northeast,No,building,No
East,2,725,1,Northeast,No,building,No
West,1,825,1,Southwest,Yes,building,Yes
Null,1,729,1,Northwest,No,building,No
East,2,740,1,Central,No,None,No
East,2,740,1,Central,No,None,No
East,2,740,1,Central,No,None,No
East,2,740,1,Central,No,None,No
East,2,740,1,Central,No,None,No
East,2,740,1,Central,No,None,No
East,2,740,1,Central,No,None,No
East,2,740,1,Central,No,None,No
East,2,740,1,Central,No,None,No
East,2,740,1,Central,No,None,No
East,2,740,1,Central,No,None,No
East,2,740,1,Central,No,None,No
East,2,740,1,Central,No,None,No
East,2,740,1,Central,No,None,No
East,2,740,1,Central,No,None,No
East,2,740,1,Central,No,None,No
East,2,745,1,Central,No,None,No
East,2,745,1,Central,No,None,No
East,2,745,1,Central,No,None,No
East,2,745,1,Central,No,None,No
Null,0,780,1,University,No,building,No
Null,1,747,1,Clintonville,No,building,No
North,2,750,1,Central,No,None,No
East,1,750,1,Central,Yes,None,Yes
Null,1,750,1,Southwest,No,building,No
Null,1,750,1,Southwest,No,building,No
Null,1,750,1,Southwest,No,building,No
Null,2,750,1,Northeast,No,building,No
Null,2,750,1,Northwest,No,building,No
Null,2,750,1,Northwest,No,building,No
Null,2,750,1,Northeast,No,building,No
Null,2,750,1,Northeast,No,building,No
Null,2,750,1,Northeast,No,building,No
Null,2,750,1,Northeast,No,building,No
Null,2,750,1,Northeast,No,building,No
Null,1,750,2,Southwest,No,building,No
Null,1,750,1,Southwest,No,building,No
Null,1,750,1,Southwest,No,building,No
East,1,750,1,Central,No,unit,No
Null,1,750,1,Southeast,Yes,None,Yes
East,2,750,1,Central,No,None,No
East,2,750,1,Central,No,None,No
East,2,750,1,Central,No,None,No
East,2,750,1,Central,No,None,No
West,1,2200,2,Northwest,Yes,building,Yes
Null,1,750,1,Clintonville,Yes,building,Yes
West,1,850,1,Northwest,Yes,building,Yes
Null,1,751,1,Northwest,No,building,No
North,2,765,1,Central,No,building,No
Null,1,794,1,University,No,building,No
North,1,770,1,Northeast,Yes,building,Yes
West,1,770,1,Southwest,No,building,No
East,2,770,1,Central,No,None,No
East,1,775,1,Central,Yes,None,Yes
Null,1,775,1,Southeast,No,unit,No
East,1,775,1,Northeast,No,unit,No
Null,1,775,1,Southwest,No,building,No
North,1,775,1,Northwest,No,None,No
East,1,1200,1,Central,No,building,No
East,2,775,1,Southeast,No,None,No
North,2,775,1,Central,No,None,No
Null,1,780,1,Southeast,No,unit,No
West,1,780,1,Northwest,No,None,No
Null,2,790,1,Northeast,No,building,No
Null,2,790,1,Northeast,No,building,No
North,1,790,1,Northeast,No,building,No
North,1,790,1,Northwest,No,None,No
East,6,4770,2,Central,No,unit,No
Null,1,795,1,Southeast,No,building,No
Null,1,795,1,Southeast,No,unit,No
Null,1,795,1,Southeast,No,unit,No
East,2,795,1,Northeast,No,None,No
East,1,795,1,Central,No,building,No
East,1,795,1,Central,No,building,No
East,2,1100,1,Northeast,No,None,No
East,2,1100,1,Northeast,No,None,No
North,1,795,1,Northwest,No,building,No
Null,1,799,1,Grandview,No,building,No
West,1,800,1,Central,Yes,building,Yes
West,1,800,1,Northwest,Yes,building,Yes
West,4,3200,2,Southwest,No,unit,No
West,4,3200,2,Southwest,No,unit,No
West,1,860,1,Southwest,Yes,building,Yes
Null,2,890,1,Northeast,No,building,No
Null,2,870,1,None,Yes,building,Yes
Null,1,900,1,None,Yes,building,Yes
East,2,995,1,Central,Yes,building,Yes
North,1,800,1,Northwest,No,building,No
Null,2,1000,1,Northwest,No,unit,No
North,2,800,1,Central,No,building,No
North,2,800,1,Central,No,None,No
North,2,800,1,Central,No,None,No
North,2,800,1,Central,No,None,No
North,2,800,1,Central,No,None,No
North,2,800,1,Central,No,None,No
North,2,800,1,Central,No,None,No
North,2,800,1,Central,No,None,No
East,3,1074,3,None,Yes,unit,Yes
North,1,800,1,Northwest,No,building,No
Null,1,808.95,1,Northwest,Yes,building,Yes
North,1,810,1,Northwest,No,None,No
West,2,810,1,Grandview,No,building,No
Null,2,810,1,Grandview,No,building,No
Null,2,810,1,Grandview,No,building,No
Null,2,810,1,Grandview,No,unit,No
Null,2,810,1,Grandview,No,building,No
Null,2,810,1,Grandview,No,building,No
Null,2,810,1,Northeast,No,building,No
Null,2,810,1,Northeast,No,building,No
West,1,815,1,Northwest,Yes,building,Yes
East,1,815,1,Southeast,No,None,No
East,1,815,1,Southeast,No,unit,No
East,1,815,1,Southeast,No,unit,No
East,1,815,1,Southeast,No,unit,No
Null,2,820,1,Grandview,No,building,No
East,1,820,1,Northeast,No,None,No
East,2,825,1,Central,No,building,No
East,2,825,1,Central,No,building,No
Null,1,825,1,Southwest,No,unit,No
Null,2,825,1,Northeast,No,building,No
Null,2,825,1,Northeast,No,building,No
Null,1,826,1,Northwest,Yes,building,Yes
North,1,830,1,Northeast,No,building,No
North,1,830,1,Northeast,No,building,No
North,1,830,1,Northeast,No,building,No
North,1,830,1,Northwest,No,building,No
West,2,1965,2,None,Yes,unit,Yes
West,2,859,1,University,No,None,No
Null,1,840,1,Northeast,No,building,No
Null,1,840,1,Southwest,No,building,No
Null,1,840,1,Southwest,Yes,building,Yes
Null,1,840,1,Southwest,Yes,building,Yes
Null,1,845,1,Southeast,No,None,No
Null,1,845,1,Southeast,No,None,No
North,1,845,1,Northeast,No,building,No
East,1,905,1,Central,Yes,building,Yes
Null,2,849,1,Clintonville,No,building,No
Null,2,850,1,Northeast,No,None,No
Null,2,850,1,Northeast,No,building,No
North,2,850,1,Northeast,No,building,No
East,2,850,1,Central,No,None,No
East,2,850,1,Central,No,building,No
East,2,850,1,Central,No,building,No
East,2,850,1,Central,No,building,No
Null,1,850,1,Southwest,No,None,No
East,1,850,1,Central,No,unit,No
East,2,850,1,Central,No,building,No
West,2,850,1,Northwest,No,building,No
West,2,850,1,Northwest,No,building,No
West,2,850,1,Northwest,No,building,No
West,2,850,1,Northwest,No,building,No
West,2,850,1,Northwest,No,building,No
West,2,850,1,Northwest,No,building,No
Null,2,850,1,Grandview,No,building,No
Null,2,850,1,Grandview,No,building,No
Null,2,850,1,Grandview,No,building,No
Null,2,850,1,Grandview,No,building,No
East,1,850,1,Southeast,No,unit,No
East,1,850,1,Central,Yes,building,Yes
North,1,950,1,Italian,No,None,No
North,2,850,1,Central,No,building,No
North,2,850,1,Central,No,building,No
West,1,855,1,None,No,unit,No
East,2,860,1,Central,No,building,No
East,2,860,1,Central,No,building,No
East,2,860,1,Central,No,building,No
East,2,860,1,Central,No,building,No
East,2,860,1,Central,No,building,No
East,2,860,1,Central,No,building,No
East,2,860,1,Central,No,building,No
East,2,860,1,Central,No,building,No
East,2,860,1,Central,No,building,No
East,2,860,1,Central,No,building,No
East,2,860,1,Central,No,building,No
East,2,860,1,Central,No,building,No
East,2,860,1,Central,No,building,No
East,2,860,1,Central,No,building,No
East,2,860,1,Central,No,building,No
East,2,860,1,Central,No,building,No
East,2,860,1,Central,No,building,No
East,2,860,1,Central,No,building,No
East,2,860,1,Central,No,building,No
East,2,860,1,Central,No,building,No
Null,1,860,1,Northwest,Yes,building,Yes
North,1,860,1,Northwest,No,None,No
North,1,860,1,Northwest,No,None,No
West,1,860,1,Southwest,No,unit,No
West,1,860,1,Southwest,No,unit,No
West,1,860,1,Southwest,No,unit,No
Null,2,860,1,Northwest,Yes,None,Yes
Null,1,865,1,Southwest,No,building,No
West,1,865,1,Northwest,No,building,No
Null,2,895,1,University,No,building,No
Null,1,960,1,Southeast,Yes,building,Yes
North,1,869,1,Southeast,Yes,building,Yes
North,1,869,1,Southeast,Yes,building,Yes
Null,1,870,1,None,Yes,building,Yes
Null,2,870,1,Southeast,Yes,building,Yes
Null,2,870,1,Southeast,Yes,building,Yes
Null,2,870,1,Southeast,Yes,building,Yes
Null,2,870,1,Southeast,Yes,building,Yes
Null,2,870,1,Southeast,Yes,building,Yes
Null,2,870,1,Southeast,Yes,building,Yes
Null,2,870,1,Southeast,Yes,building,Yes
East,2,870,1,Central,No,None,No
East,2,870,1,Central,No,None,No
East,2,870,1,Central,No,None,No
East,2,870,1,Central,No,None,No
West,1,799,1,Northeast,No,building,No
West,1,999,1,Northeast,No,building,No
West,1,975,1,Southwest,Yes,building,Yes
North,2,875,1,Northwest,No,building,No
North,2,875,1,Northeast,No,unit,No
North,2,875,1,Northeast,No,unit,No
West,2,1050,1,Grandview,No,building,No
West,2,1050,1,Grandview,No,building,No
Null,2,875,1,Grandview,No,building,No
Null,2,1050,1,Grandview,No,building,No
Null,2,1050,1,Grandview,No,building,No
West,2,1050,1,Grandview,No,building,No
Null,2,1050,1,Grandview,No,building,No
Null,2,875,1,Grandview,No,building,No
West,2,1050,1,Grandview,No,building,No
West,2,875,1,Victorian,No,building,No
Null,1,878,1,None,Yes,None,Yes
Null,2,905,1,University,No,building,No
North,1,880,1,Southeast,No,unit,No
North,1,885,1,Southeast,No,unit,No
East,2,940,1,Northwest,No,building,No
East,2,880,1,Northeast,No,unit,No
North,1,880,1,Northwest,No,building,No
Null,2,885,1,Southwest,No,building,No
Null,2,900,1,University,No,building,No
Null,1,885,1,Northwest,Yes,building,Yes
Null,1,885.95,1,Northwest,Yes,building,Yes
Null,1,886,1,Northwest,Yes,building,Yes
North,1,890,1,Southeast,No,unit,No
North,1,890,1,Southeast,No,unit,No
North,4,3720,4,Southeast,No,unit,No
Null,1,890,1,Northeast,No,building,No
Null,1,900,1,Northwest,Yes,unit,Yes
Null,1,904,1,Northwest,Yes,building,Yes
East,1,894,1,None,Yes,unit,Yes
East,1,894,1,None,Yes,unit,Yes
North,4,3680,4,Southeast,No,unit,No
Null,1,895,1,Southeast,No,building,No
Null,1,895,1,Southeast,No,building,No
Null,1,895,1,Southwest,No,building,No
Null,1,895,1,Southwest,No,building,No
Null,1,895,1,Southwest,No,None,No
Null,1,895,1,None,Yes,building,Yes
East,2,899,1,Northeast,No,unit,No
Null,2,899,1,Central,No,None,No
East,2,899,1,Central,No,building,No
North,2,899,1,Central,No,None,No
North,2,899,1,Northeast,No,None,No
Null,2,1250,1,Northwest,No,unit,No
Null,1,899,1,University,Yes,building,Yes
Null,2,900,1,Central,No,building,No
West,2,900,1,Southwest,No,None,No
West,1,900,1,Southwest,No,unit,No
East,2,900,1,Northeast,No,None,No
North,2,900,1,Northeast,No,unit,No
East,2,900,1,Central,No,building,No
East,2,900,1,Central,No,building,No
East,2,9,1,Central,No,building,No
East,2,900,1,Central,No,building,No
East,2,900,1,Central,No,building,No
East,2,900,1,Central,No,building,No
East,2,900,1,Central,No,building,No
Null,2,900,1,Northeast,No,None,No
Null,2,950,1,Central,No,building,No
Null,2,900,1,Northeast,No,None,No
East,2,900,1,Central,No,unit,No
Null,2,900,1,Central,No,None,No
North,2,900,1,Central,No,building,No
North,2,900,1,Central,No,building,No
North,2,900,1,Central,No,building,No
West,1,900,1,Northwest,No,building,No
West,2,900,1,Clintonville,No,building,No
Null,1,902.95,1,Northwest,Yes,building,Yes
North,4,3720,4,Southeast,No,unit,No
North,4,3836,4,Southeast,Yes,unit,Yes
North,1,910,1,Northwest,No,None,No
Null,1,913,1,Northwest,Yes,building,Yes
East,2,920,1,Central,Yes,building,Yes
East,2,920,1,Central,Yes,building,Yes
East,2,920,1,Central,Yes,building,Yes
East,2,920,1,Central,Yes,building,Yes
East,2,920,1,Central,No,building,No
East,1,920,1,Central,No,None,No
West,1,920,1,Northwest,No,None,No
North,1,920,1,Northwest,No,building,No
East,2,925,1,Central,No,None,No
Null,1,925,1,Southeast,No,unit,No
East,2,925,1,Northeast,No,building,No
North,2,925,1,Northeast,No,unit,No
East,2,925,1,Central,No,None,No
East,2,925,1,Central,No,None,No
East,2,925,1,Central,No,None,No
East,2,925,1,Central,No,None,No
East,2,925,1,Central,No,None,No
East,2,925,1,Central,No,None,No
East,2,925,1,Central,No,None,No
North,1,935,1,Southwest,No,unit,No
North,1,935,1,Southwest,No,unit,No
Null,2,939,1,Clintonville,No,building,No
East,2,940,1,Northeast,No,None,No
West,2,945,1,Northwest,No,building,No
West,2,945,1,Northwest,No,building,No
West,2,945,1,Northwest,No,building,No
West,2,945,1,Northwest,No,building,No
West,2,945,1,Northwest,No,building,No
West,2,945,1,Northwest,No,building,No
West,2,945,1,Northwest,No,building,No
West,1,945,1,Northwest,No,building,No
West,1,945,1,Northwest,No,building,No
West,2,945,1,Northwest,No,building,No
West,2,945,1,Northwest,No,building,No
West,2,945,1,Northwest,No,building,No
North,2,950,1,Northeast,No,unit,No
East,2,950,1,Northeast,No,unit,No
North,2,950,1,Northeast,No,None,No
Null,2,950,1,Central,No,unit,No
North,2,950,1,Northeast,No,unit,No
Null,2,950,1,Central,No,unit,No
Null,2,950,1,Southeast,No,unit,No
North,2,950,1,Northeast,No,unit,No
West,1,950,1,Southwest,No,building,No
West,1,950,1,Southwest,No,building,No
West,1,950,1,Southwest,No,building,No
North,2,950,1,None,No,unit,No
East,2,950,1,None,No,unit,No
East,2,950,1,Central,No,unit,No
East,2,950,1,Northeast,No,unit,No
East,2,950,1,Central,No,building,No
North,3,2925,3,Southeast,No,unit,No
Null,2,950,1,Italian,No,None,No
Null,2,950,1,Southeast,No,unit,No
Null,2,950,1,Southeast,No,unit,No
Null,2,950,1,Southeast,No,unit,No
Null,2,950,1,Southeast,No,unit,No
North,2,950,1,Northeast,No,unit,No
North,2,950,1,Northeast,No,unit,No
North,2,950,1,Central,No,building,No
North,2,950,1,Central,No,building,No
East,2,950,1,Northeast,No,None,No
North,3,2940,3,Southeast,No,unit,No
Null,1,959,1,University,Yes,building,Yes
West,1,960,1,Clintonville,Yes,building,Yes
West,1,960,1,Clintonville,Yes,building,Yes
Null,2,960,2,None,No,None,No
East,2,960,1,Central,No,None,No
East,2,960,1,Central,No,None,No
East,3,2880,1,Central,No,None,No
East,2,960,1,Central,No,None,No
East,2,960,1,Central,Yes,building,Yes
East,2,960,1,Southeast,No,building,No
East,2,960,1,Southeast,No,building,No
East,2,960,1,Southeast,No,building,No
East,2,960,1,Southeast,No,building,No
East,2,960,1,Southeast,No,building,No
East,2,960,1,Southeast,No,building,No
East,2,960,1,Southeast,No,building,No
East,2,960,1,Southeast,No,building,No
East,2,1160,1,Central,Yes,None,Yes
East,2,1160,1,Central,Yes,None,Yes
Null,2,965,1,Southwest,No,building,No
Null,2,965,1,Southwest,No,building,No
Null,2,965,1,Southwest,No,building,No
West,1,965,1,None,No,unit,No
Null,1,965,1,University,Yes,building,Yes
Null,2,970,1,Italian,No,None,No
East,2,975,1,Central,No,None,No
Null,2,975,1,Northeast,No,unit,No
Null,2,975,1,Southeast,No,building,No
Null,1,975,1,Clintonville,No,None,No
Null,2,975,1,Central,No,building,No
West,2,975,1,Southwest,No,building,No
Null,2,975,1,Central,No,building,No
East,2,975,1,Central,No,None,No
East,2,975,1,Central,No,unit,No
West,1,975,1,Southwest,No,None,No
East,2,975,1,Northeast,No,unit,No
East,2,975,1,Northeast,No,building,No
East,2,975,1,Northeast,No,building,No
East,2,975,1,Central,No,building,No
East,2,975,1,Northeast,No,building,No
East,2,975,1,Northeast,No,unit,No
East,2,975,1,Northeast,No,unit,No
East,2,975,1,Northeast,No,unit,No
East,2,975,1,Northeast,No,unit,No
West,2,980,1,Northwest,No,unit,No
East,2,980,1,Northeast,No,building,No
East,2,980,1,Northeast,No,building,No
East,2,980,1,Northeast,No,building,No
Null,2,980,1,Northwest,No,unit,No
East,2,985,1,Northeast,No,None,No
North,2,1039,2,Southeast,Yes,unit,Yes
East,1,990,1,Central,No,building,No
East,2,990,1,Northeast,No,None,No
West,2,995,1,Southwest,No,unit,No
West,2,995,1,Southwest,No,unit,No
North,2,995,1,Clintonville,No,unit,No
West,2,995,1,Southwest,No,None,No
East,2,995,1,Northeast,No,building,No
Null,2,995,1,Southeast,No,building,No
North,1,995,1,Northwest,No,unit,No
East,3,2985,1,Northeast,No,None,No
East,2,1095,1,Central,No,unit,No
East,2,1100,1,Northeast,No,None,No
East,2,995,1,Northeast,No,unit,No
East,2,995,1,Northeast,No,building,No
West,2,995,1,Southwest,No,None,No
Null,2,995,2,Southwest,No,building,No
West,2,995,1,Southwest,No,unit,No
West,2,995,1,Southwest,No,unit,No
Null,2,995,1,Southwest,No,None,No
Null,2,995,1,Southwest,No,None,No
Null,2,995,1,Southwest,No,None,No
North,2,995,1,Northwest,No,None,No
West,2,995,1,Victorian,No,building,No
Null,2,995,1,Southwest,No,building,No
Null,2,995,1,Italian,No,None,No
Null,3,1199,1,Southwest,No,building,No
Null,2,995,1,Victorian,No,None,No
West,2,1195,1,Southeast,No,None,No
Null,1,997,1,Clintonville,No,building,No
Null,1,997,1,Clintonville,No,building,No
North,2,999,1,Northeast,No,unit,No
North,3,1009,3,Southeast,Yes,unit,Yes
Null,3,1039,1,Northwest,Yes,building,Yes
Null,4,3996,2,Southwest,Yes,unit,Yes
Null,3,1190,1,University,No,building,No
East,2,1100,2,Northeast,No,unit,No
East,2,1000,1,Northeast,No,unit,No
East,2,1000,1,Central,No,unit,No
East,2,1000,1,Northeast,No,unit,No
Null,2,1000,1,Central,No,unit,No
East,2,1000,1,Central,No,building,No
North,2,1000,1,Northeast,No,unit,No
East,2,1000,1,Central,No,unit,No
East,2,1000,1,Central,No,None,No
East,2,1000,1,Central,No,unit,No
East,2,1000,1,Central,No,unit,No
East,2,1000,1,Central,No,unit,No
South,5,6000,2,None,No,building,No
Null,2,1000,1,Southwest,No,unit,No
East,0,1000,1,Southeast,No,unit,No
East,3,3000,1,Southeast,No,unit,No
Null,2,1000,1,Southwest,No,unit,No
North,2,1000,1,Central,No,building,No
West,2,1200,1,Northwest,Yes,building,Yes
West,2,1200,1,Northwest,Yes,building,Yes
West,2,1200,1,Northwest,Yes,building,Yes
West,2,1200,1,Northwest,Yes,building,Yes
West,2,1200,1,Northwest,Yes,building,Yes
West,2,1200,1,Northwest,Yes,building,Yes
West,2,1200,1,Northwest,Yes,building,Yes
West,2,1200,1,Northwest,Yes,building,Yes
West,2,1200,1,Northwest,Yes,building,Yes
Null,2,1005,1,None,Yes,None,Yes
North,3,1020,3,Southeast,No,unit,No
North,1,1010,1,Northwest,No,None,No
Null,2,1012,1,Central,Yes,building,Yes
Null,1,1015,1,Southeast,No,unit,No
East,4,1060,4,Central,No,unit,No
East,2,1020,1,Central,Yes,building,Yes
West,2,1025,1,Southwest,No,unit,No
West,2,1025,1,Southwest,No,unit,No
Null,2,1025,1,Northeast,No,building,No
Null,2,1025,1,Northeast,No,building,No
North,1,1025,1,Central,No,unit,No
Null,2,1025,1,Southeast,No,None,No
East,2,1030,1,Northeast,No,None,No
East,2,1030,1,Northeast,No,None,No
East,2,1030,1,Northeast,No,None,No
East,1,1030,1,Southeast,No,unit,No
East,1,1030,1,Southeast,No,unit,No
East,1,1030,1,Southeast,No,unit,No
Null,1,1035,1,Southeast,No,unit,No
East,2,1035,1,Northeast,No,unit,No
East,2,1035,1,Northeast,No,unit,No
East,2,1035,1,Northeast,No,unit,No
West,2,1038,1,Clintonville,Yes,building,Yes
Null,2,1039,1,Clintonville,No,building,No
East,2,1040,1,Central,Yes,building,Yes
East,3,1085,3,Central,No,unit,No
West,2,1040,1,Southwest,No,unit,No
North,1,1040,1,Southwest,No,unit,No
Null,2,1050,1,Northeast,No,None,No
Null,2,1050,1,Central,No,building,No
East,2,1050,1,Central,Yes,building,Yes
Null,2,1050,1,Central,No,building,No
East,2,1050,1,Northeast,No,building,No
Null,2,1080,1,Northeast,No,building,No
Null,2,1050,1,Southwest,No,None,No
North,2,1050,1,Central,No,building,No
Null,1,1050,1,Northwest,No,unit,No
Null,2,1060,1,Central,No,building,No
Null,2,1060,1,Central,No,building,No
East,2,1060,1,Northeast,No,building,No
East,2,1060,1,Northeast,No,building,No
East,2,1060,1,Central,Yes,building,Yes
East,2,1060,1,Central,No,building,No
East,2,1060,1,Central,No,building,No
East,2,1060,1,Central,No,building,No
West,0,1065,1,Northwest,No,building,No
West,2,1065,1,Northwest,No,building,No
West,2,1065,1,Northwest,No,building,No
West,2,1065,1,Northwest,No,building,No
West,2,1065,1,Northwest,No,building,No
West,2,1065,1,Northwest,No,building,No
West,2,1065,1,Northwest,No,unit,No
West,2,1065,1,Northwest,No,unit,No
West,2,1065,1,Northwest,No,unit,No
West,2,1065,1,Northwest,No,unit,No
West,2,1065,1,Northwest,No,unit,No
West,2,1065,1,Northwest,No,unit,No
West,2,1065,1,Northwest,No,None,No
West,2,1065,1,Northwest,No,None,No
West,2,825,1,Northwest,No,unit,No
West,2,1065,1,Northwest,No,unit,No
West,2,1065,1,Northwest,No,unit,No
West,2,1065,1,Northwest,No,unit,No
West,2,1065,1,Northwest,No,unit,No
West,2,1065,1,Northwest,No,unit,No
West,2,1065,1,Northwest,No,unit,No
West,2,1065,1,Northwest,No,building,No
West,2,1065,1,Northwest,No,building,No
West,2,1065,1,Northwest,No,building,No
West,2,1065,1,Northwest,No,building,No
West,2,1065,1,Northwest,No,building,No
West,2,1065,1,Northwest,No,building,No
West,2,1065,1,Northwest,No,building,No
West,2,1065,1,Northwest,No,building,No
East,3,1200,3,Central,No,unit,No
East,2,1075,1,Northeast,No,None,No
East,2,1080,1,Central,No,building,No
Null,2,1095,1,Southeast,No,unit,No
Null,3,1099,1,Southwest,No,unit,No
Null,3,1299,1,Southeast,No,building,No
West,3,1199,1,Southwest,No,None,No
West,3,1195,1,Southwest,No,building,No
West,3,1199,1,Southwest,No,None,No
North,3,1100,1,Northwest,No,building,No
Null,2,1100,1,None,No,building,No
Null,2,1100,1,Southwest,No,unit,No
Null,2,1100,1,Northeast,No,unit,No
East,2,1100,1,Southeast,No,unit,No
East,2,1100,1,Central,No,building,No
East,2,1100,1,Northeast,No,building,No
East,2,1100,1,Central,Yes,None,Yes
East,2,1100,1,Central,No,building,No
East,2,1100,1,Central,No,building,No
East,2,1100,1,Central,No,building,No
East,2,1100,1,Northeast,No,unit,No
West,2,1100,1,Northwest,No,unit,No
East,2,1100,1,Central,Yes,None,Yes
Null,2,1100,1,Central,No,building,No
East,2,1100,1,Central,No,building,No
East,2,1100,1,Northeast,No,unit,No
West,1,1100,1,None,No,unit,No
West,1,1100,1,None,No,unit,No
West,1,1100,1,None,No,unit,No
Null,2,1300,1,Central,Yes,building,Yes
Null,2,1300,1,Central,Yes,building,Yes
Null,2,1300,1,Central,Yes,building,Yes
Null,2,1300,1,Central,Yes,building,Yes
West,2,1300,1,Northwest,Yes,building,Yes
West,2,1300,1,Northwest,Yes,unit,Yes
West,2,1300,1,Northwest,Yes,building,Yes
West,2,1300,1,Northwest,Yes,building,Yes
East,2,1110,1,Northeast,No,unit,No
West,2,1110,1,Northwest,No,building,No
East,2,1120,1,Northeast,No,unit,No
East,2,1120,1,Central,Yes,building,Yes
Null,3,1125,1,Southeast,No,building,No
Null,4,1125,1,Northeast,No,unit,No
Null,3,1125,1,Northwest,No,unit,No
East,2,1125,1,Southeast,No,building,No
West,2,1135,1,Northwest,No,None,No
West,2,1135,1,Northwest,No,None,No
West,2,1135,1,Northwest,No,None,No
East,2,1160,1,Northeast,No,unit,No
Null,2,1340,1,Central,Yes,building,Yes
Null,2,1340,1,Central,Yes,building,Yes
Null,2,1340,1,Central,Yes,building,Yes
Null,2,1340,1,Central,Yes,building,Yes
Null,2,1340,1,Central,Yes,building,Yes
West,2,1149,1,Northwest,No,unit,No
West,2,1150,1,Northwest,No,building,No
North,2,1175,2,Southeast,No,unit,No
North,2,1175,2,Southeast,No,unit,No
Null,2,1150,2,Northeast,No,unit,No
East,2,1155,1,Southeast,No,building,No
East,2,1155,1,Southeast,No,building,No
West,2,1160,1,Northwest,Yes,building,Yes
East,2,1160,1,Northeast,No,unit,No
West,2,1360,1,Northwest,Yes,building,Yes
West,2,1360,1,Northwest,Yes,building,Yes
West,2,1360,1,Northwest,Yes,building,Yes
West,2,1360,1,Northwest,Yes,building,Yes
West,2,1360,1,Northwest,Yes,building,Yes
West,2,1360,1,Northwest,Yes,building,Yes
West,2,1360,1,Northwest,Yes,building,Yes
West,2,1360,1,Northwest,Yes,building,Yes
West,2,1360,1,Northwest,Yes,building,Yes
West,2,1360,1,Northwest,Yes,building,Yes
Null,1,1700,1,Grandview,No,unit,No
North,2,1165,1,Central,No,unit,No
East,2,1205,2,Central,No,unit,No
Null,1,1300,1,Grandview,No,unit,No
Null,1,1179,1,Grandview,No,unit,No
East,2,1180,1,Northeast,No,unit,No
East,2,1180,1,Central,Yes,building,Yes
East,2,1180,1,Central,Yes,building,Yes
East,2,1180,1,Central,Yes,building,Yes
West,2,1220,1,Northwest,No,unit,No
Null,2,1190,1,Central,No,unit,No
Null,2,1195,1,Victorian,No,building,No
West,2,1195,1,Southwest,No,unit,No
Null,2,1195,1,Central,No,unit,No
North,1,1199,1,Southeast,Yes,unit,Yes
East,3,1200,1,Northeast,No,building,No
West,2,1440,1,Southwest,Yes,unit,Yes
West,2,1200,1,Northwest,No,unit,No
East,2,1200,1,Northeast,No,unit,No
Null,2,1200,1,Southwest,No,building,No
Null,2,1200,1,Central,Yes,building,Yes
West,2,1200,1,Southwest,No,unit,No
East,2,1230,2,Central,No,unit,No
West,1,1200,1,Northwest,No,building,No
North,3,1200,1,Northeast,No,unit,No
West,3,1200,1,Northwest,No,unit,No
Null,2,1200,1,Central,No,None,No
Null,1,1200,2,Southwest,No,building,No
Null,3,1200,1,Southwest,No,building,No
East,3,1200,1,Central,No,building,No
North,2,1200,1,Central,No,building,No
East,2,1200,1,Northeast,No,building,No
Null,3,1200,1,Central,No,unit,No
West,2,1205,1,Northwest,Yes,building,Yes
Null,2,1220,1,Southeast,No,unit,No
Null,2,1220,1,Southeast,No,unit,No
Null,2,1220,1,Southeast,No,unit,No
Null,2,1220,1,Southeast,No,unit,No
East,2,1240,2,Central,No,unit,No
Null,2,1225,1,Northeast,Yes,building,Yes
North,1,1439,1,Southeast,Yes,unit,Yes
East,2,1230,1,Northeast,No,None,No
East,2,1230,1,Northeast,No,None,No
East,2,1230,1,Northeast,No,None,No
East,2,1230,1,Northeast,No,None,No
East,2,1230,1,Northeast,No,None,No
East,2,1230,1,Northeast,No,None,No
East,2,1230,1,Northeast,No,None,No
East,2,1230,1,Northeast,No,None,No
East,2,1230,1,Northeast,No,unit,No
East,2,1230,1,Northeast,No,None,No
East,2,1230,1,Northeast,No,unit,No
East,2,1230,1,Northeast,No,None,No
East,2,1230,1,Northeast,No,unit,No
East,2,1230,1,Northeast,No,unit,No
East,2,1235,1,Central,Yes,building,Yes
East,2,1235,1,Central,Yes,building,Yes
Null,2,1240,1,Central,No,unit,No
West,2,1240,1,Northwest,No,unit,No
East,2,1240,1,Northeast,No,unit,No
East,2,1240,1,Northeast,No,unit,No
North,3,1240,1,Southwest,No,None,No
North,3,1240,1,Southwest,No,None,No
East,3,1250,1,Northeast,No,building,No
West,2,1250,1,Southwest,No,unit,No
East,2,1270,1,Northeast,No,building,No
Null,3,1250,1,Northeast,No,None,No
West,2,1250,1,Southwest,No,unit,No
Null,2,1250,1,Southeast,No,unit,No
North,2,1250,1,Northeast,No,building,No
West,1,1250,1,None,No,unit,No
West,1,1250,1,None,No,unit,No
Null,3,1250,1,Northeast,No,unit,No
West,1,1250,1,None,No,unit,No
West,2,1250,1,Northwest,No,unit,No
East,3,1250,1,Northeast,No,None,No
Null,3,1250,1,Northeast,No,unit,No
North,2,1265,2,Northwest,No,unit,No
North,2,1265,2,Northeast,No,unit,No
West,2,1265,1,Southwest,No,unit,No
West,2,1265,1,Southwest,No,unit,No
West,2,1265,1,Southwest,No,unit,No
West,2,1265,1,Southwest,No,unit,No
West,3,1275,1,Southwest,No,unit,No
North,2,1285,1,Northeast,No,building,No
North,2,1285,1,Northeast,No,building,No
West,1,1285,1,None,No,unit,No
West,1,1285,1,None,No,unit,No
West,2,1285,1,Southwest,No,building,No
West,3,1290,1,Northwest,Yes,None,Yes
East,2,1290,1,Northeast,No,unit,No
East,3,1295,1,Clintonville,No,unit,No
Null,1,832,1,Southwest,Yes,unit,Yes
East,2,1295,1,Southeast,No,unit,No
East,2,1295,1,Southeast,No,unit,No
Null,2,1299,1,Victorian,No,building,No
Null,3,1299,1,Victorian,No,unit,No
Null,3,1400,1,Northeast,No,building,No
East,4,1300,2,Central,No,unit,No
West,3,1300,1,Northwest,No,None,No
East,2,1300,1,Central,No,unit,No
North,2,1300,1,None,No,building,No
Null,3,1325,1,Southwest,No,None,No
West,2,1335,1,Northwest,No,building,No
West,1,1335,1,None,No,unit,No
West,1,1335,1,None,No,unit,No
West,1,1335,1,None,No,unit,No
West,1,1335,1,None,No,unit,No
West,1,1335,1,None,No,unit,No
West,1,1335,1,None,No,unit,No
West,1,1335,1,None,No,unit,No
West,1,1335,1,None,No,unit,No
West,1,1335,1,None,No,unit,No
West,1,1335,1,None,No,unit,No
West,1,1335,1,None,No,unit,No
West,1,1335,1,None,No,unit,No
West,1,1335,1,None,No,unit,No
West,1,1335,1,None,No,unit,No
West,1,1335,1,None,No,unit,No
West,1,1335,1,None,No,unit,No
Null,2,1350,1,Southwest,No,unit,No
Null,4,1350,1,Southeast,No,unit,No
Null,4,1350,1,Southeast,No,unit,No
East,3,1450,2,Northeast,No,unit,No
Null,2,1350,1,Victorian,No,building,No
North,3,1350,1,Northeast,No,unit,No
East,3,1350,2,Central,No,None,No
West,3,1350,1,Southwest,No,unit,No
West,3,1350,1,Southwest,No,unit,No
West,3,1350,1,Southwest,No,unit,No
Null,3,1350,1,Central,No,None,No
North,2,1350,1,Northeast,No,building,No
North,2,1350,1,Northeast,No,None,No
North,3,1350,1,Central,No,unit,No
North,3,1350,1,Central,No,unit,No
North,3,1350,1,Central,No,unit,No
North,3,1350,1,Central,No,unit,No
North,3,1350,1,Central,No,unit,No
North,3,1350,1,Central,No,unit,No
East,3,1350,1,Central,No,unit,No
North,4,1600,1,Northeast,No,unit,No
North,3,1600,1,Northeast,No,unit,No
West,1,1350,1,None,No,unit,No
East,1,1350,1,Central,Yes,unit,Yes
West,3,1350,1,Northwest,No,unit,No
East,0,1350,1,Northeast,No,building,No
North,2,1350,1,Northwest,No,building,No
West,1,1395,1,Northwest,No,unit,No
North,2,1355,2,Northwest,No,unit,No
North,2,1355,2,Northwest,No,unit,No
West,2,1355,1,Southwest,No,unit,No
West,2,1365,1,Northwest,No,None,No
North,4,1380,2,Central,No,unit,No
North,3,1380,1,Northeast,No,unit,No
West,2,1380,1,Northwest,No,building,No
Null,3,1380,2,Southwest,No,None,No
West,1,1385,1,None,No,unit,No
West,1,1385,1,None,No,unit,No
West,1,1385,1,None,No,unit,No
West,1,1385,1,None,No,unit,No
West,1,1385,1,None,No,unit,No
West,1,1385,1,None,No,unit,No
West,1,1385,1,None,No,unit,No
West,1,1385,1,None,No,unit,No
West,1,1385,1,None,No,unit,No
West,1,1385,1,None,No,unit,No
West,1,1385,1,None,No,unit,No
West,1,1385,1,None,No,unit,No
West,1,1385,1,None,No,unit,No
West,1,1385,1,None,No,unit,No
Null,3,1395,1,Northeast,No,unit,No
East,3,1395,1,Northeast,No,unit,No
Null,3,1395,1,Northeast,No,unit,No
North,4,1399,1,Northeast,No,unit,No
West,3,1399,1,Northwest,No,building,No
West,4,1400,2,Southeast,No,unit,No
West,4,1400,2,Southwest,No,unit,No
West,4,1400,2,Southwest,No,unit,No
West,3,1400,1,Northwest,No,building,No
East,3,1400,1,Northeast,Yes,building,Yes
North,2,1600,1,Northwest,Yes,unit,Yes
North,4,1400,2,Central,No,unit,No
Null,3,1400,1,Northeast,No,unit,No
Null,3,1400,1,Northeast,No,unit,No
Null,3,1400,1,Northeast,No,unit,No
West,4,1400,2,Southwest,No,unit,No
North,2,1400,2,Northwest,No,unit,No
Null,3,1400,1,Northwest,No,None,No
West,3,1405,1,Northwest,No,unit,No
East,3,1425,1,Northeast,No,unit,No
West,3,1455,1,Northwest,No,unit,No
Null,2,1425,1,Southwest,No,unit,No
West,3,1425,1,Northwest,No,unit,No
Null,3,1425,1,Southeast,No,unit,No
North,3,1525,2,Central,No,unit,No
North,2,1425,1,Central,No,building,No
South,1,1425,1,None,No,unit,No
East,3,1440,1,Northeast,No,unit,No
Null,4,1440,2,Southwest,No,building,No
Null,4,1440,2,Southwest,No,building,No
Null,4,1440,2,Southwest,No,building,No
Null,4,1440,2,Southwest,No,building,No
Null,4,1440,2,Southwest,No,building,No
Null,4,1440,2,Southwest,No,building,No
Null,4,1440,2,Southwest,No,building,No
West,4,1440,2,Southwest,No,building,No
West,4,1440,2,Southwest,No,building,No
West,4,1440,2,Southwest,No,None,No
West,4,1440,2,Southwest,No,building,No
West,4,1440,2,Southwest,No,building,No
West,4,1440,2,Southwest,No,building,No
West,4,1440,2,Southwest,No,building,No
Null,4,1440,2,Southwest,No,building,No
Null,4,1440,2,Southwest,No,building,No
Null,4,1440,2,Southwest,No,building,No
Null,4,1440,2,Southwest,No,building,No
Null,4,1440,2,Southwest,No,building,No
Null,4,1440,2,Southwest,No,building,No
West,4,1440,2,Southwest,No,building,No
West,4,1440,2,Southwest,No,building,No
West,4,1440,2,Southwest,No,building,No
West,4,1440,2,Southwest,No,building,No
West,4,1440,2,Southwest,No,building,No
West,4,1440,2,Southwest,No,building,No
West,4,1440,2,Southwest,No,building,No
West,4,1440,2,Southwest,No,building,No
West,4,1440,2,Southwest,No,building,No
West,4,1440,2,Southwest,No,building,No
West,4,1440,2,Southwest,No,building,No
West,4,1440,2,Southwest,No,building,No
West,4,1440,2,Southwest,No,building,No
West,4,1440,2,Southwest,No,None,No
West,4,1440,2,Southwest,No,None,No
West,4,1440,2,Southwest,No,None,No
West,4,1440,2,Southwest,No,None,No
Null,4,1450,1,Southeast,No,unit,No
Null,4,1450,1,Southeast,No,unit,No
East,3,1450,1,Central,No,unit,No
East,3,1450,1,Northeast,No,unit,No
East,3,1450,1,Central,No,unit,No
East,3,1450,1,Northeast,No,unit,No
East,3,1500,1,Northeast,No,unit,No
West,3,1450,1,Northwest,No,unit,No
West,3,1450,1,Northwest,No,unit,No
Null,3,1550,2,Central,No,unit,No
North,2,1450,1,Northwest,No,building,No
North,2,1450,1,Northwest,No,building,No
North,3,1450,2,Central,No,unit,No
North,3,1450,2,Central,No,unit,No
East,3,1455,1,Central,No,building,No
East,3,1455,1,Central,No,building,No
Null,3,1455,1,Northwest,No,unit,No
East,3,1770,1,Northeast,Yes,unit,Yes
Null,3,1475,1,Northeast,No,unit,No
Null,3,1475,1,Northeast,No,unit,No
North,3,2400,1,Northeast,No,unit,No
North,3,2400,1,Central,No,unit,No
Null,2,1480,1,Central,No,unit,No
North,2,1480,2,Southwest,No,unit,No
Null,3,1395,1,Northeast,No,unit,No
Null,3,1495,2,Northeast,No,unit,No
Null,3,1495,2,Southwest,No,unit,No
Null,3,1495,2,Southwest,No,unit,No
West,3,1495,2,Southwest,No,unit,No
West,3,1495,2,Southwest,No,unit,No
West,3,1495,2,Southwest,No,unit,No
West,3,1495,2,Southwest,No,unit,No
West,3,1495,2,Southwest,No,None,No
West,3,1495,2,Southwest,No,None,No
West,3,1495,2,Southwest,No,None,No
West,3,1495,2,Southwest,No,unit,No
North,4,1499,1,Central,No,unit,No
Null,3,1500,1,Northeast,No,unit,No
Null,4,1500,1,Central,No,unit,No
Null,3,1500,2,Southwest,No,unit,No
Null,3,1500,1,Southwest,No,unit,No
West,4,1500,1,Southwest,No,unit,No
East,4,1500,2,Central,No,building,No
West,3,1500,1,Northwest,No,unit,No
West,3,1500,1,Northwest,No,unit,No
Null,3,1500,1,Northeast,No,building,No
Null,3,1500,2,Southeast,No,unit,No
North,4,1500,2,Central,No,unit,No
North,3,1500,1,Northwest,No,building,No
North,3,1295,1,Northeast,No,unit,No
North,3,1500,1,Northeast,No,unit,No
North,3,1500,1,Northeast,No,unit,No
Null,3,1500,1,Southeast,No,unit,No
Null,3,1500,1,Northeast,No,building,No
West,4,1500,2,Southwest,No,unit,No
Null,3,1550,1,Central,No,building,No
West,3,1500,1,Northwest,No,unit,No
East,3,1500,1,Northeast,No,unit,No
Null,3,1500,1,Central,No,unit,No
Null,3,1500,1,Central,No,None,No
West,4,1775,1,Northwest,No,unit,No
East,3,1500,1,Northeast,No,building,No
East,4,1500,2,Central,No,unit,No
Null,4,1500,2,Central,No,unit,No
Null,4,1500,2,Central,No,unit,No
East,4,1500,1,Central,No,unit,No
East,4,1500,1,Central,No,unit,No
East,4,1500,1,Central,No,unit,No
Null,4,1500,2,Southwest,No,unit,No
Null,4,1500,2,Southwest,No,unit,No
North,4,2000,2,Northeast,No,building,No
Null,3,2000,1,Northwest,No,unit,No
Null,3,1500,2,Southeast,No,unit,No
West,2,1505,1,Southwest,No,unit,No
West,2,1510,2,Southwest,No,unit,No
West,3,1515,2,Northwest,No,building,No
West,3,1515,2,Northwest,No,building,No
Null,3,1515,2,Southwest,No,None,No
West,3,1515,2,Northwest,No,building,No
West,3,1515,2,Northwest,No,building,No
East,3,1515,1,Central,Yes,None,Yes
North,3,1519,2,Clintonville,No,None,No
North,1,1525,1,Southeast,Yes,unit,Yes
East,3,1530,1,Central,No,unit,No
North,3,1530,1,Northwest,No,None,No
West,3,1530,1,Northwest,No,unit,No
East,2,1540,1,Central,No,building,No
East,2,1540,1,Central,No,building,No
East,1,1555,1,Central,No,unit,No
East,3,1545,1,Southeast,No,building,No
East,3,1545,1,Southeast,No,building,No
East,3,1505,1,Southeast,No,building,No
East,3,1545,1,Southeast,No,building,No
Null,2,2313,2,Grandview,No,unit,No
West,1,700,1,Northeast,No,unit,No
North,4,1550,1,Northeast,No,None,No
Null,3,1550,1,Southeast,Yes,None,Yes
North,1,1739,1,Southeast,Yes,unit,Yes
East,3,1860,1,Northeast,Yes,building,Yes
East,3,1860,1,Northeast,Yes,building,Yes
East,3,1860,1,Northeast,Yes,building,Yes
East,3,1860,1,Northeast,Yes,building,Yes
East,3,1860,1,Northeast,Yes,unit,Yes
East,3,1860,1,Northeast,Yes,unit,Yes
East,3,1860,1,Northeast,Yes,None,Yes
East,3,1860,1,Northeast,Yes,None,Yes
East,3,1860,1,Northeast,Yes,building,Yes
East,3,1860,1,Northeast,Yes,unit,Yes
East,3,1860,1,Northeast,Yes,building,Yes
East,2,1575,1,Central,No,building,No
West,3,1575,1,Southwest,No,building,No
West,4,1775,1,Northwest,No,unit,No
West,3,1575,1,Northwest,No,unit,No
East,3,1575,1,Northeast,No,unit,No
East,3,1575,1,Northeast,No,unit,No
Null,3,1575,1,Southeast,Yes,building,Yes
East,3,1575,1,Northeast,No,building,No
West,1,1575,1,None,No,unit,No
West,1,1575,1,None,No,unit,No
East,4,1580,2,Southeast,No,unit,No
West,3,1580,2,Northwest,No,building,No
West,3,1580,2,Northwest,No,building,No
East,4,1585,2,Central,No,None,No
East,3,1590,1,Southeast,No,unit,No
Null,3,1590,1,Southwest,No,building,No
East,4,1599,1,Northeast,No,unit,No
Null,4,1600,1,Southeast,No,unit,No
Null,4,1600,1,Northeast,No,building,No
Null,4,1600,2,Northeast,No,unit,No
West,4,1600,2,Southwest,No,unit,No
East,4,1600,1,Northeast,No,None,No
East,4,1600,1,Northeast,No,unit,No
Null,4,1600,1,Northeast,No,None,No
Null,4,1600,1,Northeast,No,unit,No
East,4,1600,1,Northeast,No,unit,No
Null,4,1600,1,Northeast,No,None,No
East,1,1615,1,Central,No,unit,No
North,4,1600,2,Central,No,unit,No
Null,3,1600,2,Northwest,No,unit,No
Null,4,2000,1,Northwest,No,unit,No
Null,4,1600,2,Southeast,No,unit,No
East,4,1600,1,Northeast,No,unit,No
West,4,2000,2,Southwest,Yes,unit,Yes
West,4,2000,2,Southwest,Yes,unit,Yes
West,4,2000,2,Southwest,Yes,unit,Yes
West,4,2000,2,Southwest,Yes,unit,Yes
West,4,2000,2,Southwest,Yes,unit,Yes
West,4,2000,2,Southwest,Yes,unit,Yes
West,4,2000,2,Southwest,Yes,unit,Yes
North,3,1900,1,Northwest,Yes,unit,Yes
North,3,1900,1,Northwest,Yes,unit,Yes
North,3,1900,1,Northwest,Yes,unit,Yes
North,3,1900,1,Northwest,Yes,unit,Yes
West,4,2000,2,Southwest,Yes,unit,Yes
West,4,2000,2,Southwest,Yes,unit,Yes
Null,4,1600,1,Northeast,No,unit,No
Null,2,1610,2,Northwest,No,unit,No
North,2,1615,1,Central,No,unit,No
East,2,1620,2,Southeast,No,unit,No
Null,2,1620,2,Grandview,No,unit,No
West,4,1620,1,Southwest,No,unit,No
North,3,1620,1,Central,No,unit,No
East,3,1620,1,Central,No,building,No
Null,3,1620,1,Southeast,No,unit,No
West,2,1620,2,None,No,unit,No
West,2,1620,2,None,No,unit,No
Null,2,2250,1,None,Yes,None,Yes
Null,2,2000,2,Grandview,No,unit,No
Null,3,1635,2,Southwest,No,None,No
Null,3,1635,2,Southwest,No,None,No
Null,3,1635,2,Southwest,No,None,No
North,4,1640,1,Northeast,No,unit,No
Null,2,1640,2,Southwest,No,unit,No
Null,3,1650,1,Northwest,No,unit,No
West,3,1650,2,Northwest,No,building,No
West,3,1650,2,Northwest,No,building,No
West,3,1650,1,Northwest,No,unit,No
West,3,1650,1,Northwest,No,unit,No
East,4,1650,3,Central,No,None,No
Null,3,1650,2,Northeast,No,building,No
East,3,1650,1,Northeast,No,unit,No
East,3,1650,1,Northeast,No,unit,No
West,4,1650,1,Southwest,No,unit,No
West,3,1650,1,Southwest,No,unit,No
East,4,1700,1,Northeast,No,unit,No
East,4,1650,1,Central,No,building,No
Null,4,1650,1,Southeast,No,unit,No
East,4,1650,1,Southeast,No,None,No
North,3,1660,2,Clintonville,No,building,No
North,3,1660,2,Clintonville,No,building,No
Null,2,1900,2,Grandview,No,unit,No
West,3,1680,1,Northwest,No,building,No
East,4,1680,2,Northeast,No,None,No
West,3,1680,1,Northwest,No,unit,No
Null,4,1685,1,Northeast,No,unit,No
North,3,1690,1,Northwest,No,building,Yes
North,4,1690,1,Central,No,unit,No
Null,3,1695,1,Central,No,unit,No
Null,3,1695,1,Southeast,No,building,No
West,4,1700,2,Southwest,No,unit,No
East,4,1700,1,Southeast,No,unit,No
East,4,1700,1,Northeast,No,unit,No
East,3,1700,1,Southeast,No,unit,No
East,4,1700,1,Northeast,No,unit,No
East,4,1700,2,Southeast,No,None,No
East,3,2010,2,Northeast,Yes,unit,Yes
East,3,2010,2,Northeast,Yes,unit,Yes
East,3,2010,2,Northeast,Yes,unit,Yes
East,3,2010,2,Northeast,Yes,unit,Yes
East,3,2010,2,Northeast,Yes,unit,Yes
East,3,2010,2,Northeast,Yes,unit,Yes
East,3,1715,1,Central,No,unit,No
East,4,1720,1,Central,No,building,No
North,2,1720,1,Southeast,No,unit,No
East,4,1730,1,Northeast,No,unit,No
East,1,1750,1,Central,No,unit,No
East,1,1750,1,Central,No,unit,No
East,3,1740,1,Northeast,No,unit,No
East,3,1740,1,Northeast,No,unit,No
Null,3,2040,1,Northeast,Yes,unit,Yes
Null,3,2040,1,Northeast,Yes,unit,Yes
Null,3,2040,1,Northeast,Yes,unit,Yes
Null,3,2040,1,Northeast,Yes,unit,Yes
Null,3,2040,1,Northeast,Yes,unit,Yes
Null,3,2040,1,Central,Yes,building,Yes
Null,3,2040,1,Central,Yes,building,Yes
Null,3,2040,1,Central,Yes,building,Yes
Null,3,2040,1,Central,Yes,building,Yes
Null,3,2040,1,Central,Yes,building,Yes
Null,3,2040,1,Central,Yes,building,Yes
North,3,1749,2,Clintonville,No,None,No
Null,3,1749,2,Clintonville,No,None,No
West,4,1750,2,Southwest,No,unit,No
North,4,1750,2,Central,No,unit,No
Null,4,1750,2,Northeast,No,unit,No
East,5,1750,2,Central,No,unit,No
West,4,1750,1,Southwest,No,unit,No
East,5,1750,2,Central,No,unit,No
East,4,1800,1,Northeast,No,unit,No
North,4,1750,1,Northeast,No,None,No
North,4,1750,2,Northeast,No,unit,No
North,3,1760,1,Northwest,No,building,No
West,3,1770,1,Northwest,No,unit,No
North,2,1775,2,Southeast,No,unit,No
West,2,1775,2,None,No,unit,No
West,2,1775,2,None,No,unit,No
North,4,1780,1,Central,No,unit,No
West,3,1780,1,Northwest,No,None,No
East,5,1785,1,Central,No,None,No
Null,3,1785,2,Northwest,No,unit,No
Null,3,1785,2,Northwest,No,unit,No
Null,3,1785,2,Northwest,No,unit,No
Null,3,1785,2,Northwest,No,unit,No
Null,3,1785,2,Northwest,No,unit,No
East,3,1795,1,Southeast,No,unit,No
Null,2,1795,1,Central,No,unit,No
South,2,1799,2,None,No,None,No
Null,3,1800,1,Clintonville,No,building,No
East,4,1800,1,Central,No,unit,No
East,4,1800,1,Central,No,unit,No
East,2,1800,2,Northeast,No,unit,No
East,4,1800,1,Northeast,No,unit,No
East,4,1800,2,Northeast,No,unit,No
East,4,1800,2,Northeast,No,unit,No
Null,3,1800,1,Northeast,No,unit,No
West,3,1800,2,Northwest,No,unit,No
Null,4,1800,2,Southwest,No,unit,No
Null,4,1800,2,Southwest,No,unit,No
North,3,1800,1,Central,No,building,No
Null,4,1800,2,Victorian,No,unit,No
East,4,1800,1,Southeast,No,unit,No
Null,3,2100,1,Central,Yes,unit,Yes
Null,3,2100,1,Central,Yes,unit,Yes
Null,3,2100,1,Northeast,Yes,unit,Yes
Null,3,2100,1,Central,Yes,unit,Yes
Null,3,2100,1,Central,Yes,unit,Yes
Null,3,2100,1,Central,Yes,unit,Yes
East,4,2200,2,Central,Yes,unit,Yes
West,4,1840,2,Southeast,No,unit,No
West,4,1840,2,Southwest,No,unit,No
East,3,1845,1,Northeast,No,building,No
Null,3,1850,1,Grandview,No,unit,No
East,5,1850,2,Central,No,unit,No
West,4,1850,1,Northwest,No,unit,No
West,4,1850,1,Northwest,No,unit,No
West,2,1850,2,None,No,unit,No
West,2,1850,2,None,No,unit,No
Null,4,1850,2,Northeast,No,unit,No
West,2,1855,2,None,No,unit,No
West,2,1855,2,None,No,unit,No
West,2,1860,2,None,No,unit,No
West,2,1865,2,None,No,unit,No
West,2,1865,2,None,No,unit,No
West,5,1875,1,Southwest,No,unit,No
East,3,1875,1,Central,No,unit,No
Null,4,1880,2,Southwest,No,unit,No
North,4,1880,2,Central,No,unit,No
Null,4,1880,2,Central,No,unit,No
East,3,1895,1,Southeast,No,None,No
East,3,1895,1,Northeast,Yes,building,Yes
East,3,1895,1,Southeast,No,building,No
East,3,1895,1,Northeast,Yes,building,Yes
West,2,1895,2,None,No,unit,No
Null,4,1900,1,Southeast,No,unit,No
East,4,1900,3,Northeast,No,unit,No
West,4,1900,1,Northwest,No,unit,No
East,4,1900,1,Southeast,No,None,No
Null,2,1900,2,Southwest,No,unit,No
Null,4,1900,2,Southeast,No,building,No
East,4,1900,1,Southeast,No,unit,No
West,2,1910,2,None,No,unit,No
West,4,2320,2,Southwest,Yes,unit,Yes
West,4,2320,2,Southwest,Yes,unit,Yes
West,4,2320,2,Southwest,Yes,unit,Yes
West,4,2320,2,Southwest,Yes,unit,Yes
West,3,1935,1,Northwest,Yes,None,Yes
West,3,1935,1,Northwest,Yes,unit,Yes
East,4,1940,2,Northeast,No,unit,No
Null,3,1944,1,Northeast,No,unit,No
East,4,1950,1,Central,No,building,No
West,5,1950,2,Southwest,No,unit,No
East,4,1950,1,Southeast,No,unit,No
North,3,1950,1,Central,No,unit,No
North,3,1950,1,Central,No,unit,No
Null,5,1950,2,Southeast,No,unit,No
West,4,1950,1,Northwest,No,unit,No
West,4,1950,1,Northwest,No,unit,No
East,5,1950,1,Central,No,building,No
West,2,1950,2,None,No,unit,No
West,2,1950,2,None,No,unit,No
West,2,1950,2,None,No,unit,No
West,2,1950,2,None,No,unit,No
Null,4,1955,2,Southwest,No,unit,No
East,3,1965,1,Central,No,None,No
East,4,1975,2,Central,No,None,No
East,3,1975,2,Southeast,No,unit,No
East,3,1975,2,Southeast,No,unit,No
West,4,1980,1,Northwest,Yes,building,Yes
East,4,1995,1,Central,No,unit,No
East,4,1995,1,Northeast,No,unit,No
Null,3,1995,1,Central,No,unit,No
North,3,1995,1,Northwest,No,building,No
Null,7,1999,3,Central,No,unit,No
West,4,2015,2,Northwest,No,unit,No
Null,4,2000,2,Northeast,No,unit,No
Null,4,2000,1,Southwest,No,unit,No
East,4,2000,2,Northeast,No,unit,No
Null,4,2000,1,Northeast,No,unit,No
North,5,2000,1,Northeast,No,unit,No
West,4,2000,1,Northwest,Yes,building,Yes
West,4,2000,1,Northwest,Yes,building,Yes
West,4,2015,2,Southwest,No,building,No
East,5,2000,2,Central,No,unit,No
North,4,2100,2,Central,No,None,No
West,4,2000,2,Northwest,No,unit,No
West,2,2000,1,Northwest,No,building,No
North,3,2300,1,Northeast,No,unit,No
Null,4,2200,1,Northeast,No,unit,No
North,5,2000,2,Northeast,No,unit,No
East,5,2000,2,Central,No,unit,No
Null,5,2250,2,Southeast,No,unit,No
West,4,2000,2,Northwest,No,unit,No
Null,5,2000,1,Northwest,No,building,No
Null,5,2000,1,Northeast,No,building,No
Null,5,2000,1,Northeast,No,building,No
Null,5,2000,1,Northeast,No,building,No
East,4,2000,2,Northeast,No,building,No
East,5,2000,1,Southeast,No,unit,No
West,4,2400,1,Northwest,Yes,unit,Yes
West,4,2400,2,Northwest,Yes,unit,Yes
West,4,2400,2,Northwest,Yes,unit,Yes
West,4,2400,2,Northwest,Yes,unit,Yes
East,5,2500,2,Central,Yes,unit,Yes
East,3,2040,1,Central,Yes,unit,Yes
Null,4,2040,1,Northeast,No,unit,No
Null,4,2440,1,Northeast,Yes,unit,Yes
East,4,2050,1,Central,No,None,No
East,4,2060,1,Central,No,unit,No
East,4,2360,2,Northeast,No,building,No
Null,3,2070,2,Southeast,No,unit,No
West,4,2080,2,Northwest,No,unit,No
West,4,2080,2,Northwest,No,unit,No
West,4,2080,1,Northwest,No,unit,No
West,4,2080,2,Northwest,No,building,No
North,4,2080,1,Northwest,No,unit,No
East,3,2085,1,Central,Yes,unit,Yes
West,3,2085,1,Northwest,No,building,No
North,7,2100,3,Northeast,No,unit,No
East,4,2100,1,Southeast,No,building,No
West,4,2100,2,Southwest,No,unit,No
Null,5,2100,2,Northeast,No,unit,No
Null,4,2100,1,Southeast,No,unit,No
Null,4,2100,1,Southeast,No,unit,No
Null,4,2100,1,Northeast,No,unit,No
West,4,2100,2,Northwest,No,building,No
Null,4,2100,2,Southwest,No,unit,No
Null,4,2100,2,Southwest,No,unit,No
East,5,2100,1,Southeast,No,unit,No
Null,4,2100,2,Southeast,No,unit,No
Null,3,2100,1,Central,No,unit,No
Null,4,2100,2,Central,No,unit,No
Null,3,2100,2,Southwest,No,building,No
East,4,2100,1,Southeast,No,unit,No
East,5,2100,2,Northeast,No,unit,No
Null,3,2400,2,Northeast,Yes,unit,Yes
East,3,2400,2,Central,Yes,unit,Yes
North,4,2120,1,Northwest,No,unit,No
Null,4,2520,2,Northeast,Yes,unit,Yes
North,5,2225,3,Central,No,None,No
Null,5,2125,2,Southeast,No,unit,No
Null,5,2125,2,Southeast,No,building,No
East,4,2135,1,Northeast,No,unit,No
Null,5,2140,3,Southwest,No,building,No
West,5,2140,2,Southwest,No,unit,No
East,4,2160,2,Central,No,unit,No
East,4,2560,2,Central,Yes,unit,Yes
East,4,2560,2,Central,Yes,unit,Yes
East,4,2560,2,Central,Yes,unit,Yes
Null,4,2180,1,Northwest,No,unit,No
West,2,2430,2,Northwest,No,unit,No
North,5,2400,1,Northeast,No,building,No
East,5,2200,2,University,No,building,No
Null,4,2200,2,Northeast,No,unit,No
East,4,2200,2,Southeast,No,None,No
East,4,2200,2,Central,No,building,No
East,4,2200,1,Central,No,unit,No
East,4,2200,2,Central,No,unit,No
West,4,2200,2,Northwest,No,unit,No
Null,4,2200,2,Northeast,No,unit,No
North,3,2500,2,Northwest,Yes,unit,Yes
Null,5,2250,3,Northeast,No,unit,No
East,6,2250,2,Central,No,building,No
East,5,2250,2,Northeast,No,building,No
North,4,2250,1,Northeast,No,unit,No
Null,5,2250,2,Central,No,unit,No
West,5,2250,2,Southwest,No,unit,No
West,5,2250,2,Southwest,No,unit,No
West,5,2250,1,Southwest,No,unit,No
Null,6,2395,2,Southwest,No,unit,No
West,4,2250,2,Northwest,No,building,No
East,6,2250,2,Central,No,unit,No
Null,5,2250,2,Southeast,No,unit,No
East,4,2260,1,Southeast,No,building,No
East,3,2270,2,Central,No,unit,No
East,4,2280,1,Southeast,No,building,No
East,4,2280,1,Southeast,No,None,No
East,4,2280,1,Northeast,No,unit,No
East,4,2280,2,Southeast,No,unit,No
West,4,2280,2,Northwest,No,unit,No
Null,5,2295,2,Central,No,unit,No
East,3,2295,2,Northeast,No,unit,No
East,4,2300,1,Northwest,No,unit,No
East,4,2300,1,Central,No,building,No
North,4,2300,2,Northeast,No,unit,No
East,4,2300,1,Central,No,unit,No
East,4,2300,1,Southeast,No,unit,No
East,4,2300,1,Central,No,building,No
East,5,2300,2,Central,No,unit,No
East,5,2400,1,Northeast,No,building,No
North,5,2300,2,Northeast,No,unit,No
North,5,2300,2,Central,No,unit,No
East,4,2300,1,Central,No,unit,No
East,4,2300,1,Central,No,unit,No
Null,4,2320,2,Northeast,No,unit,No
West,4,2720,1,Northwest,Yes,unit,Yes
Null,4,2720,2,Central,Yes,unit,Yes
Null,4,2720,2,Central,Yes,unit,Yes
Null,4,2720,2,Central,Yes,unit,Yes
East,4,2340,1,Central,Yes,unit,Yes
East,5,2350,2,Central,No,unit,No
Null,4,2352,2,Northeast,No,unit,No
West,4,2760,2,Northwest,Yes,unit,Yes
West,4,2760,2,Northwest,Yes,unit,Yes
North,5,2805,2,Northeast,No,unit,No
Null,5,2400,1,Northeast,Yes,building,Yes
West,6,2400,3,Southwest,No,unit,No
East,4,2400,1,Northeast,No,unit,No
East,4,2400,2,Central,No,unit,No
West,4,2400,2,Northwest,No,unit,No
West,4,2600,2,Northwest,No,unit,No
East,5,2400,2,Central,No,unit,No
East,5,2400,2,Central,No,unit,No
East,5,2400,2,Central,No,unit,No
Null,4,2400,1,Central,No,unit,No
West,4,2400,1,Northwest,No,unit,No
Null,5,2400,2,Northeast,No,building,No
West,4,2500,2,Northwest,No,None,No
West,4,2400,2,Northwest,No,unit,No
Null,5,2400,2,Central,No,None,No
East,5,2900,2,Central,Yes,unit,Yes
North,3,2440,3,Southwest,No,unit,No
East,5,2450,2,Southeast,No,unit,No
East,5,2950,2,Central,Yes,unit,Yes
West,5,2465,2,Southwest,No,unit,No
East,5,2475,1,Central,No,unit,No
North,4,2475,1,Northwest,No,building,No
East,6,2495,2,Central,No,unit,No
East,5,2500,1,Central,No,unit,No
West,5,2500,2,Southwest,No,unit,No
East,4,2500,2,Central,No,unit,No
West,4,2700,2,Northwest,No,unit,No
West,5,2500,2,Southwest,No,unit,No
East,5,2500,2,Northeast,No,unit,No
East,5,2500,2,Central,No,unit,No
North,5,2500,3,Northeast,No,unit,No
Null,6,2500,2,Northeast,No,building,No
Null,6,3500,2,Southeast,No,unit,No
Null,4,2500,2,Northeast,No,unit,No
Null,6,2580,2,Central,No,unit,No
East,6,2650,3,Northwest,No,unit,No
West,5,2550,3,Southwest,No,None,No
West,5,2550,3,Southwest,No,None,No
West,5,2550,3,Southeast,No,None,No
West,4,2550,3,Southwest,No,None,No
West,4,2550,2,Southwest,No,None,No
West,4,2550,2,Southwest,No,None,No
West,4,2550,2,Central,No,None,No
West,4,2550,2,Central,No,None,No
East,4,2595,2,Central,No,unit,No
Null,4,2700,1,Northeast,No,None,No
East,5,2600,1,Northeast,No,unit,No
Null,4,2600,2,Central,No,unit,No
Null,4,2600,2,Northeast,Yes,unit,Yes
East,5,2600,1,Central,No,unit,No
West,4,2600,2,Northwest,No,unit,No
West,4,2600,2,Northwest,No,unit,No
East,4,3000,2,Northeast,Yes,unit,Yes
Null,5,2615,2,Central,No,unit,No
East,5,2625,1,Central,No,unit,No
East,5,2625,2,Central,No,unit,No
West,5,2625,2,Northwest,No,unit,No
Null,4,2625,2,Central,No,unit,No
North,6,3840,2,Northwest,Yes,unit,Yes
North,6,3840,2,Northwest,Yes,unit,Yes
North,6,3840,2,Northwest,Yes,unit,Yes
East,5,2650,1,Central,No,unit,No
East,5,3150,2,Northeast,Yes,unit,Yes
East,5,3150,2,Central,Yes,unit,Yes
East,5,2690,1,Northeast,No,unit,No
Null,5,2700,2,Southeast,No,unit,No
East,6,2700,2,Northeast,No,None,No
East,6,2700,2,Central,No,building,No
North,6,2700,2,Southeast,No,None,No
East,7,2700,3,Central,No,unit,No
East,5,2775,2,Central,No,unit,No
North,7,2795,2,Northeast,No,building,No
East,5,2795,3,Central,No,unit,No
Null,5,2795,2,Central,No,unit,No
Null,4,2800,2,Victorian,No,None,No
North,5,2800,2,Northeast,No,building,No
North,3,3000,2,Italian,No,unit,No
Null,5,2800,1,Victorian,No,unit,No
North,4,2800,2,Northeast,No,unit,No
East,5,3300,2,Northeast,Yes,unit,Yes
North,5,3300,2,Northeast,Yes,unit,Yes
East,4,2830,2,Northeast,No,unit,No
East,5,3350,3,Central,Yes,unit,Yes
East,5,2875,1,Central,No,unit,No
Null,6,3480,2,Southwest,Yes,unit,Yes
Null,6,3480,2,Southwest,Yes,unit,Yes
West,7,2900,2,Northwest,No,unit,No
East,6,3000,2,Central,No,unit,No
North,5,3100,1,Northeast,No,unit,No
West,3,2960,3,Northwest,No,unit,No
North,5,2925,2,Northeast,No,building,No
North,5,2925,2,Northeast,No,building,No
East,5,2960,2,Northeast,No,building,No
East,5,2975,1,Central,No,unit,No
Null,4,2900,4,None,Yes,unit,Yes
East,4,2985,2,Central,No,unit,No
North,6,3000,3,Northeast,No,unit,No
Null,5,3000,1,Southwest,No,unit,No
North,7,4000,3,Northeast,No,unit,No
East,5,3025,2,Central,No,None,No
East,5,3065,2,Central,No,building,No
East,5,3065,2,Central,No,building,No
West,5,3600,2,Northwest,Yes,unit,Yes
East,5,3100,2,Central,No,None,No
East,5,3100,3,Central,No,None,No
East,5,3100,3,Central,No,None,No
Null,5,3600,2,Northwest,Yes,unit,Yes
East,5,3600,2,Northeast,Yes,unit,Yes
East,5,3600,2,Northeast,Yes,unit,Yes
East,5,3600,3,Northeast,Yes,unit,Yes
East,5,3125,2,Central,No,building,No
East,5,3125,2,Central,No,building,No
East,5,3725,2,Northeast,No,unit,No
North,7,3850,2,Central,Yes,unit,Yes
North,7,3850,2,Central,Yes,unit,Yes
Null,7,3850,3,Northeast,Yes,unit,Yes
West,6,3180,3,Southwest,No,unit,No
East,6,3780,2,Central,Yes,unit,Yes
North,7,3200,2,Central,No,unit,No
East,6,3840,3,Northeast,Yes,unit,Yes
West,5,3995,2,Southeast,No,unit,No
North,5,3675,2,Northeast,No,unit,No
Null,5,3250,3,Northwest,No,building,No
East,5,3250,2,Northeast,Yes,unit,Yes
Null,5,3750,2,Central,Yes,unit,Yes
East,6,3900,3,Northeast,Yes,unit,Yes
North,6,3900,2,Northeast,Yes,unit,Yes
North,6,3900,2,Northeast,Yes,unit,Yes
Null,6,3360,3,Northeast,No,unit,No
East,6,3960,2,Central,Yes,unit,Yes
East,6,3960,2,Central,Yes,unit,Yes
West,5,4200,2,Northwest,No,unit,No
West,5,4200,2,Northwest,No,unit,No
East,5,3400,2,Central,No,unit,No
East,6,4020,2,Northeast,Yes,unit,Yes
West,6,4020,2,Northwest,Yes,unit,Yes
Null,6,4020,2,Northeast,Yes,unit,Yes
North,6,4020,2,Northeast,Yes,unit,Yes
North,5,4200,2,Northwest,No,unit,No
West,5,3435,3,Northwest,No,building,No
East,6,4050,2,Northeast,Yes,unit,Yes
Null,6,3700,2,Southwest,No,building,No
Null,5,3500,2,Central,No,unit,No
Null,5,3500,2,Central,No,unit,No
Null,5,3500,2,Northeast,No,unit,No
East,5,4000,3,Northeast,Yes,unit,Yes
West,7,3500,2,Northwest,No,unit,No
East,5,3900,2,Northeast,No,unit,No
East,5,3900,2,Northeast,No,unit,No
East,6,4140,4,Northeast,Yes,unit,Yes
Null,6,3570,2,Central,No,None,No
North,3,3570,1,Northwest,No,building,No
Null,7,3600,2,Northeast,No,building,No
Null,6,3600,2,Central,No,unit,No
East,5,4100,3,Central,Yes,unit,Yes
East,6,3630,2,Central,Yes,unit,Yes
Null,5,3780,2,Northeast,No,unit,No
West,4,3820,4,Northwest,No,unit,No
East,7,3850,2,Northwest,No,None,No
Null,7,4550,2,Southeast,Yes,unit,Yes
East,7,4550,2,Central,Yes,unit,Yes
Null,7,4550,2,Southeast,Yes,unit,Yes
West,8,7600,2,Southwest,No,unit,No
East,5,3895,3,Central,No,unit,No
North,6,4800,1,Northeast,No,unit,No
East,6,4800,2,Northeast,No,unit,No
East,6,4500,2,Northeast,Yes,unit,Yes
East,7,4690,2,Central,Yes,unit,Yes
East,7,4690,2,Central,Yes,unit,Yes
West,7,4700,2,Northwest,Yes,unit,Yes
North,7,4760,2,Northwest,Yes,unit,Yes
East,7,4760,2,Central,Yes,unit,Yes
Null,9,4100,4,Northeast,No,unit,No
Null,7,4165,3,Northeast,No,None,No
East,7,4165,2,Northeast,No,None,No
East,7,4900,2,Northeast,Yes,unit,Yes
East,8,4400,2,Central,No,building,No
East,8,4400,3,Central,No,unit,No
East,7,4400,3,Central,No,unit,No
East,6,4500,2,Northeast,No,building,No
North,7,5400,2,Northeast,No,unit,No
East,7,4550,3,Northeast,No,unit,No
East,7,4550,2,Southeast,No,unit,No
East,7,5390,3,Northeast,Yes,unit,Yes
East,8,5520,3,Northeast,Yes,unit,Yes
East,8,4760,2,Northeast,No,None,No
East,7,4760,2,Northeast,No,None,No
East,8,5600,2,Northeast,Yes,unit,Yes
East,8,6250,3,Central,No,unit,No
East,8,6500,2,Central,No,unit,No
East,8,6500,2,Central,No,unit,No
East,8,5555,3,Central,No,None,No
East,1,6600,4,Central,Yes,unit,Yes
East,8,5800,3,Central,No,unit,No
East,1,8450,4,Central,Yes,unit,Yes
Null,3,1450,1,Northeast,No,unit,No
